product_name,num_orders
Organic Strawberries,10
Bag of Organic Bananas,8
Banana,7
Organic Garlic,5
Organic Yellow Onion,4
Strawberries,4
Organic Hass Avocado,4
Organic Raspberries,4
Organic Whole String Cheese,3
Organic Russet Potato,3
Organic Whole Milk,3
Original Orange Juice,3
Organic Red Bell Pepper,3
Organic White Onions,3
Hass Avocados,3
Celery Hearts,3
Vanilla Almond Breeze Almond Milk,3
100% Whole Wheat Bread,3
Plain Bagels,3
Pure & Smooth Green Tea,2
Peach Pear Flavored Sparkling Water,2
Total 2% with Strawberry Lowfat Greek Strained Yogurt,2
Beef Franks,2
Bing Cherries,2
Romaine Hearts,2
Ranch Dressing,2
Sea Salt Potato Chips,2
Smartwater Electrolyte Enhanced Water,2
ZBar Organic Chocolate Brownie Energy Snack,2
Unsalted Butter,2
Organic Lemon,2
Organic Navel Orange,2
Organic Original Hommus,2
Organic Red Onion,2
Organic Small Bunch Celery,2
Organic Whole Wheat Fusilli,2
Organic Large Grade A Brown Eggs,2
Organic Large Brown Grade AA Cage Free Eggs,2
Organic Gala Apples,2
Organic Dill,2
Organic Broccoli Florets,2
Organic Basil,2
Bunched Cilantro,2
Organic Honey Sweet Whole Wheat Bread,2
Organic Half & Half,2
Organic Grape Tomatoes,2
Organic 1% Low Fat Milk,2
Organic Avocado,2
Organic Baby Carrots,2
Organic Bartlett Pear,2
Large Lemon,2
Lemonade,2
Orange Bell Pepper,2
Macaroni & Cheese,2
Grade A Large Eggs Cage Free Omega 3,2
Jalapeno Peppers,2
Garlic,2
Fresh Cauliflower,2
Diet Coke Caffeine Free Soda,2
Fennel,2
Crescent Rolls,2
smartwaterÂ® Electrolyte Enhanced Water,2
Vitamin D Organic Whole Milk,1
All Natural Gluten Free Teff Wraps,1
100% Goats Milk,1
100% Juice Apple Juice,1
100% Mighty Mango Juice Smoothie,1
100% Organic Premium Whole Wheat Flour,1
100% Tomato Juice,1
2% Reduced Fat Organic Milk,1
3 Color Deli Coleslaw,1
Vitamin D Whole Milk,1
Vitaminwater Zero Focus Kiwi-Strawberry,1
Whipped Cream Cheese,1
Unsalted Pure Irish Butter,1
Unprocessed American Singles Colby-Style Cheese,1
Uncured Genoa Salami,1
Uncured Black Forest Ham,1
Uncrustables Reduced Sugar Peanut Butter & Grape Soft Bread Sandwiches,1
Turkey Meatballs,1
Turkey Breast Thin Sliced Honey Roasted Deli Select,1
Turkey Bacon,1
Trilogy Kombucha Drink,1
Baker's Pure Cane Ultrafine Sugar,1
Bagel Bites Three Cheese Mini Bagel Pizzas,1
Backyard Barbeque Potato Chips,1
Baby Food Stage 2 Sweet Potato Mango & Millet,1
Aged White Cheddar Baked Rice & Corn Puffs Gluten Free Lunch Packs,1
Zero Calorie Iced Green Tea Raspberry,1
Zebra Cakes,1
Coke Zero,1
Coconut Water,1
Cocoa & Vanilla Bunny Cookies Gluten Free Bunny Cookies Gluten Free,1
Clementines,1
Classic Whipped Cream,1
Classic Wheat Bread,1
Classic Roast Medium Ground Coffee,1
Classic Hummus,1
Classic Cosmic Cranberry Kombucha,1
Cinnamon Rolls with Icing,1
Cinnamon Roll Dough With Icing,1
Cinnamon Brown Sugar Breakfast Biscuits,1
Cinnamon Bread,1
Chunky Peanut Butter,1
Chopped Kale,1
Vanilla Bean Light Ice Cream,1
Curate Cherry Lime Sparkling Water,1
"Crispy Wheat, Crackers",1
Creme De Menthe Thins,1
Creamy Peanut Butter,1
Creamy Mushroom Chicken Pot Pie,1
Cream Top Strawberry on the Bottom Yogurt,1
Cran-Raspberry Flavored Sparkling Water,1
Cran-Apple Juice Drink,1
Core Original Grain Free Dry Dog Food,1
Cool Mint Chocolate Energy Bar,1
Cookies Traypack,1
Cookie Tray,1
Collard Greens,1
Colby Jack Cheese,1
Colby Cheese Sticks,1
Cola Soft Drink,1
Enchilada with Spanish Rice & Beans Meal,1
Enchilada Wrap,1
Eggo Homestyle Waffles,1
Eggo Buttermilk Waffles,1
Easy Mac Original Flavor Macaroni & Cheese Dinner,1
Dragon Fruit,1
"Disinfecting Wipes, Lemon Scent",1
"Deli Fresh Honey Ham, 97% Fat Free, Gluten Free",1
Deep Green Blends Kale,1
Decaffeinated Green Tea Bags,1
David Seeds Sunflower Seeds,1
Dark Sumatra Ground Coffee,1
Dark Chocolate Minis,1
Dairy Free Mozarella Style Shreds,1
Cut Hearts Of Palm,1
Cut Green Beans,1
Fresh Cut Golden Sweet Whole Kernel Corn,1
Free & Clear Overnight Diapers Size 5,1
Free & Clear Natural Dishwasher Detergent,1
Flax Plus Organic Pumpkin Flax Granola,1
Flavor Variety Instant Oatmeal,1
Finely Shredded Mild Cheddar Cheese,1
Fat Free Milk,1
Fat Free Cream Cheese,1
Fancy Eggplant,1
Extralean Ground Turkey Breast,1
Extra Virgin Olive Oil,1
Extra Strength Assorted Fruit Antacid,1
Everyday 2 Ply Premium Napkins,1
European Cucumber,1
EnviroKidz Gluten Free & Wheat Free Gorilla Munch Corn Puff Cereal,1
Enlightened Organic Raw Kombucha,1
Gluten Free Pretzel Twists,1
Gluten Free Pretzel Sticks,1
Gluten Free Plain Tortilla,1
Gluten Free Organic Oat Based Cereal,1
Gluten Free Organic Cereal Coconut Maple Vanilla,1
Gluten Free Omega Flax & Fiber Bread,1
Gluten Free Margherita Pizza,1
Gluten Free Everything Baked Cracker,1
Ginger Tea,1
Gentle Cleansing Bars,1
GOLEAN Crunch! Cereal,1
Fully Husked & Trimmed Super Sweet Corn,1
Frozen Organic Blueberries,1
Frozen Broccoli Florets,1
Frosted Chocolate Cup Cakes  with Creamy Filling,1
Fresh Ginger Root,1
Ground Turkey Breast,1
Ground Chicken Breast,1
Green Seedless Grapes,1
Green Onions,1
Grated Parmesan,1
Grassmilk 2% Reduced Fat Milk,1
Grape Tomatoes,1
Grade AA Large White Eggs,1
Grade A Large White Eggs,1
Gourmet Tomato Medley,1
Goodness Grapeness Organic Juice Drink,1
Goldfish Cheddar Baked Snack Crackers,1
Golden Fishless Filet,1
"Goji Berries, Sun-Dried",1
Goat Milk,1
Gluten Free Vanilla Granola,1
"Ice Cream, Organic, Land of Milk and Honey",1
Hot Kid Toddler Mum-Mum Organic Rice Biscuit Strawberry,1
Honeycrisp Apples,1
Honeycrisp Apple,1
Honey Greek Yogurt,1
Homestyle Breaded Chicken Breast Tenders,1
Homemade Vodka Sauce,1
Homemade Salted Butter,1
Healthy Multi Grain Bread,1
"Healthy Grains Granola Bar, Vanilla Blueberry",1
Healthy Grains Fiber Cinnamon Oat Clusters,1
Hand Picked Pomegranate Seeds/Arils,1
Half & Half,1
Gut Shot Garlic Dill Pickle,1
Gut Shot Classic,1
Guava Goddess Organic Kambucha,1
Cherubs Heavenly Salad Tomatoes,1
"Cheese Alternative, American Style, Slices",1
Cheese & Pepperoni Mini Bagels,1
Challah Bread,1
Chai Latte K-Cup Packs .4 oz Coffee,1
Cereal,1
Cauliflower,1
Kale & Spinach Superfood Puffs,1
Just Mayo,1
Just Green Unsweetened Tea,1
Jarro-Dophilus + FOS Probiotic Supplement,1
Italian Pizza Crust Original 12oz,1
Instant Oatmeal Variety Pack,1
Instant Breakfast Essentials Rich Milk Chocolate Drink Packets,1
Iced Oatmeal Cookie Kid Z Bar,1
"Ice Pops Sugar Free, Orange, Cherry, Grape",1
Lemon Verbena Dish Soap,1
Lemon Cayenne Agave Cold Pressed Juice Beverage,1
Lavender Dish Soap,1
Large Grapefruit,1
Lactose and Fat Free Milk,1
Lactose Free Low Fat Vanilla Yogurt,1
Lactose Free 2% Reduced Fat Milk,1
Kale Greens,1
Chocolate Sorbet,1
Chocolate Milk 1% Milkfat,1
Chocolate Lowfat Milk,1
Chocolate Chip Energy Bars,1
Chocolate Chip Cookie Dough Ice Cream,1
Chicken Tenders,1
Chicken Pot Pie,1
Chicken Breast Tenders Breaded,1
Lowfat Small Curd Cottage Cheese,1
Lowfat 2% Milkfat Cottage Cheese,1
Lower Sugar Maple & Brown Sugar Instant Oatmeal,1
"Little Yums Spinach, Apple, and Kale Teething Wafers",1
Little Bites Snickerdoodle Muffins,1
Liquid Aminos All Purpose Seasoning,1
Limes,1
Lightly Toasted Almond Butter Crunchy,1
Lightly Breaded Turk'y Cutlets,1
Light and Lean Meatless Swedish Meatballs With Broccoli And Pasta,1
Light Mayonnaise,1
Light CocoWhip! Coconut Whipped Topping,1
Light & Lean Sweet & Sour Asian Noodle Pasta,1
Light & Lean Black Bean and Cheese Enchilada,1
Lemon-Lime Soda,1
Lemon Verbena Fabric Softener,1
Nacho Cheese Chips,1
Mung Bean Sprouts,1
Mozzarella String Cheese,1
Mold and Mildew Remover with Bleach,1
Mini Round Containers + Lids,1
Mini Pancakes,1
Mini Original Babybel Cheese,1
Mini Crispy Crabless Cakes,1
Milk Chocolate English Toffee Miniatures Candy Bars,1
Mild Salsa,1
Michigan Organic Kale,1
Medium Cheddar Cheese Block,1
Meatless & Soy Free Frozen Chik'n Tenders,1
Meatles  Soy Gluten-Free Grounds,1
"Mashed Potatoes, Organic, Home Style",1
Mara Natha Organic Peanut Butter Creamy,1
Organic 4 Months Butternut Squash Carrots Apples + Prunes Baby Food,1
Organic 2% Reduced Fat Milk,1
Organic 1% Milk,1
Orange Juice,1
Oikos Fat Free Vanilla Greek Yogurt,1
Oats & Honey Granola,1
Nutritional Yeast Seasoning,1
Nutritional Yeast Flakes,1
Non-Fat Vanilla Yogurt,1
No Calorie Sweetener Packets,1
Naturals Chicken Nuggets,1
Natural Pure Sparkling Water,1
Natural Chicken & Sage Breakfast Sausage,1
Natural Cane Turbinado Sugar,1
Natural Applesauce Snack & Go Pouches,1
Natural Alpine Spring Water,1
Organic Beefsteak Tomato,1
Organic Balsamic Vinegar Of Modena,1
Organic Balsamic Vinaigrette,1
Organic Bagged Valencia Oranges,1
Organic Baby Spinach,1
Organic Baby Romaine,1
Organic Baby Kale,1
Organic Baby Broccoli,1
Organic Baby Bella Mushrooms,1
Organic Atage 3 Nibbly Fingers Mangoes Carrots,1
Organic Assam Black Tea,1
"Organic Apples, Carrots and Parsnips Puree",1
Organic Apple Raisin & Quinoa Stage 2 Baby Food,1
Organic Apple Juice,1
Organic American Cheese Singles,1
Organic Allspice,1
Organic Creamy Peanut Butter,1
Organic Cream Of Chicken Condensed Soup,1
Organic Corn Tortillas,1
Organic Cinnamon Sticks,1
Organic Cilantro,1
Organic Chocolate Almondmilk Pudding,1
Organic Chicken Bone Broth,1
Organic Brown Rice Flour Gluten Free,1
Organic Brown Rice,1
Organic Broccoli Crowns,1
Organic Broccoli,1
Organic Bosc Pear,1
Organic Blackberries,1
Organic Black Lentils,1
Organic Biologique Limes,1
Organic Bell Pepper,1
Organic Green Onions,1
Organic Green Cabbage,1
Organic Grass-Fed Classic Mild Cheddar Macaroni & Cheese,1
Organic Granny Smith Apple,1
Organic Grade A Free Range Large Brown Eggs,1
Organic Good Seed Bread,1
Organic Ginger Root,1
Organic Garnet Sweet Potato (Yam),1
Organic Garbanzo Beans,1
Organic Frozen Peas,1
Organic Free Range Chicken with White & Wild Rice Soup,1
Organic Fat Free Milk,1
Organic Extra Virgin Oil Olive,1
Organic Extra Large Grade AA Brown Eggs,1
Organic Egg Whites,1
Organic D'Anjou Pears,1
Butt Paste Original Diaper Rash Ointment,1
Burrata Mozzarela Cheese,1
Bunny-Luv Fresh Organic Carrots,1
Bun Length Beef Franks,1
Brownberry Natural Wheat Bread,1
Broccoli Crown,1
Broccoli & Cauliflower,1
Boneless Skinless Chicken Breasts,1
Organic Hoisin Sauce,1
Organic Heritage Flakes Cereal,1
Organic Heavy Whipping Cream,1
Organic Hearty Split Pea & Uncured Ham Soup,1
Organic Hass Avocado Bag,1
Organic Gut Shot Ginger Beet Probiotic Drink,1
Organic Ground Flaxseed,1
Organic Green Superfood Chocolate Chip Coconut Bar,1
Organic Lasagna with Meat Sauce,1
Organic Large Green Asparagus,1
Organic Large Extra Fancy Fuji Apple,1
Organic Lactose Free 1% Lowfat Milk,1
Organic Lacinato (Dinosaur) Kale,1
Organic Kiwi,1
Organic Just Tart Cherry Juice,1
Organic Iceberg Lettuce,1
Organic Hothouse Cucumbers,1
Carrots,1
Cane Sugar,1
California Extra Virgin Olive Oil,1
Calcium Pulp Free Orange Juice,1
Butternut Squash Pear Stage 2 Baby Food,1
Buttermilk Complete Pancake Mix,1
Butter,1
Organic Quinoa & Brown Rice With Garlic,1
Organic Quick Cooking Rolled Oats,1
Organic Powdered Sugar,1
Organic Plain Whole Milk Yogurt,1
Organic Pink Lemonade Bunny Fruit Snacks,1
Organic Pineapple Cottage Cheese,1
"Organic Pears, Peas and Broccoli Puree Stage 1",1
Organic Orange Juice,1
Organic Mountain Forest Amber Honey,1
Organic Mini Sandwich Crackers Peanut Butter,1
Organic Mini Homestyle Waffles,1
Organic Mild Taco Seasoning Mix,1
Organic Mild Salsa,1
Organic Mayonnaise,1
Organic Maple Agave Pancake Syrup,1
Organic Low Sodium Chicken Cooking Stock,1
Organic Sliced Bamboo Shoots,1
Organic Shredded Mild Cheddar,1
Organic Shredded Carrots,1
Organic Salted Butter,1
Organic Romaine,1
Organic Roasted Turkey Breast,1
Organic Riced Cauliflower,1
Organic Reduced Fat Milk,1
Organic Reduced Fat 2% Milk,1
Organic Reduced Fat 2% Cottage Cheese,1
"Organic Red Radish, Bunch",1
Organic Red Potato,1
Organic Red On the Vine Tomato,1
Organic Red Delicious Apple,1
Organic Raw Kombucha Gingerade,1
Organic Raisin Bran Cereal,1
Bean & Cheese Burrito,1
Bathroom Bleach Foamer,1
Basil Dish Soap,1
Bartlett Pears,1
Bananas,1
Organic Tomato Cluster,1
Organic Tomato Basil Pasta Sauce,1
Organic Superfood Oat Based Espresso Maca Mulberry Cereal,1
Organic Sugar Snap Peas,1
Organic Stringles Mozzarella String Cheese,1
Organic Strawberry Chia Lowfat 2% Cottage Cheese,1
Organic Sticks Low Moisture Part Skim Mozzarella String Cheese,1
Organic Spring Mix,1
Organic Spaghetti Squash,1
Organic Sour Cream,1
Organic Small Curd Cottage Cheese,1
Organic Whole Grain Wheat English Muffins,1
Organic Whole Cashews,1
Organic Whipped Naturally Buttery Spread,1
Organic Vanilla Bean Ice Cream,1
Organic Vanilla Almond Milk,1
Organic Unsweetened Almond Milk,1
Organic Unsalted Butter,1
Boneless Skinless Chicken Breast,1
Blue Machine 100% Juice Smoothie,1
Blue Corn Tortilla Chips,1
Blue Chips Corn Tortilla Chips,1
Blood Orange Italian Soda,1
Black Tie Frosted Cupcake,1
Black Beans No Salt Added,1
Big Sur Breakfast Burrito,1
Berry Medley,1
Original Pepperoni Pizza,1
Original Moisture Body Lotion,1
Original Frosted Mini Wheats Little Bites,1
Original Fresh Stack Crackers,1
Original Flavor Instant Oatmeal,1
Original Fat Free Powder Coffee Creamer,1
Original Deli Style Pretzel Crackers,1
Original Applesauce,1
Organic Yukon Select Fries,1
Organic YoKids Very Berry Smoothies,1
Organic YoBaby Vanilla Yogurt,1
Organic Whole Wheat Penne Rigate,1
Organic Whole Wheat Elbows,1
Organic Whole O's Gluten Free Cereal,1
Organic Whole Milk Strawberry Beet Berry Yogurt Pouch,1
Organic Whole Kernel Unrefined Coconut Oil,1
Pizzeria Style Classic Crust Pepperoni Pizza,1
Pineapple Strawberry Naturally Essenced Sparkling Water,1
Pecan Caramel Almond Creamer,1
Peanut Butter Whole Grain Clusters,1
Peanut Butter Dark Chocolate Protein Chewy Bars,1
Peach-Pear Sparkling Water,1
Peach Mango Iced Green Tea,1
Pasta Zero Spaghetti Shirataki Noodles,1
Pasta Sauce Cherry Tomato Marinara,1
Original Whole Grain Chips,1
Original Whipped Cream Cheese,1
Original Whipped Cream,1
Original Traditional Dijon Mustard,1
Original Semisoft Cheese,1
Original Pure Creamy Almond Milk,1
Original Pizza Crusts Frozen,1
Raw Honey,1
Raspberry Vinaigrette Salad Snax,1
Raspberry Preserves,1
Raspberry Essence Water,1
Raspberries,1
Quince,1
Pure Irish Butter,1
Pure Coconut Water,1
Probiotic Dairy Culture Strawberry,1
Prime Fillet Solid White Albacore in Water,1
Pretzel Crisps Original Deli Style Pretzel Crackers,1
Premium Unsweetened Iced Tea,1
Premium Sweet Petites Carrots,1
Popped Salted Caramel Granola Bars,1
Plus Rich Chocolate Complete Nutritional Drink,1
Platinum Erasing Dish Foam Fresh Rapids Scent,1
Roasted Sesame Seaweed Snacks,1
Roasted Garlic & Olive Oil Pearled Couscous,1
Roasted Bell Peppers,1
"Rick Sticks, Vermicelli",1
Rice Crackers Sesame,1
Revive Zero Vitamin Water,1
Refill Infant Milk-Based with Iron 16.6 oz Pouches Infant Formula Powder,1
Reduced Fat Milk 100% Lactose Free,1
Reduced Fat Milk,1
Reduced Fat Creamy Peanut Butter Spread,1
Red Vine Tomato,1
Red Seedless Grapes,1
Red Onion,1
Red Mango,1
Red Machine Juice Smoothie,1
Red Bell Pepper,1
Shredded Carrots,1
Shredded 3 Cheese Blend,1
Seven Grain Crispy Tenders,1
Sesame Street Organic Homestyle Mini Pancakes,1
Sesame Blues Corn Tortilla Chips,1
Select-A-Size White Paper Towels,1
Seedless Red Grapes,1
Sea Salt Kettle Chips,1
Scrubbing Bubbles Lemon Power All Purpose Disinfectant Cleaner,1
Scoops! Tortilla Chips,1
Sausage  Links,1
Salted Butter,1
Salt,1
Russet Potato,1
Rosemary Ham,1
Roasted Walnut Pecan Caramel Marshmallows,1
"Sparkling Water, Natural Mango Essenced",1
Sparkling Water Grapefruit,1
Sparkling Natural Mineral Water,1
"Sparkling Mineral Water, Natural Lemon Flavor",1
Spaghetti,1
Soy Whip Whipped Topping,1
Soft Taco Whole Wheat Tortillas,1
Smooth & Balanced Pike Place Medium Roast Ground Coffee,1
Smoked Apple Sage Sausages,1
Smok Cured Turkey Bacon,1
Smart Sandwich,1
Sliced Water Chestnuts,1
Sliced Sourdough Bread,1
Singles Pepperoni French Bread Pizzas,1
Sidekicks Chocolate Shake,1
Shredded Mozzarella Cheese,1
Thousand Island Salad Snax,1
Thin Crust Margherita Pizza with Fresh Mozzarella & Basil,1
Thai Jasmine Rice,1
Teriyaki Chick'n Strips,1
Telera Rolls,1
Synergy Organic Kombucha Gingerberry,1
Sweet Potato Yam,1
Sweet Potato Littles,1
Sweet & Salty Nut Almond Granola Bars,1
"Swaddlers Diapers Jumbo Pack, Size 4",1
"Sushi Nori, Pacific, Organic",1
Superfood Bar Maca Maple Organic,1
Stringless Sugar Snap Peas,1
Sriracha Hot Chili Sauce,1
Spinach Peas & Pear Stage 2 Baby Food,1
Spinach,1
"YoKids Squeezers Organic Low-Fat Yogurt, Strawberry",1
YoBaby Blueberry Apple Yogurt,1
Yellow Onions,1
Wild Caught Frozen Sockeye Salmon Fillet,1
Whole Grain Oat Cereal,1
Whole Grain CountryWild Rice,1
Trail Mix Fruit & Nut Chewy Granola Bars,1
Trail Mix,1
Traditional Lavash Flatbread,1
Traditional Favorites Tomato & Basil Pasta Sauce,1
Total 2% Lowfat Greek Strained Yogurt With Blueberry,1
Total 0% Raspberry Yogurt,1
Total 0% Nonfat Greek Yogurt,1
Toilet Bowl Cleaner with Bleach Rain Clean,1
To Go Creamy Peanut Butter Cups,1
Tilapia Filet,1
White Corn,1
Vitamin C Super Orange Dietary Supplement,1
Vine Ripe Tomatoes,1
Veri Veri Teriyaki Marinade & Sauce,1
Verde Salsa,1
Veggie Chips,1
Veganic Sprouted Brown Rice Cacao Crisps,1
Vegan Sour Cream & Onion Kettle Chips,1
Vanilla Unsweetened Almond Milk,1
Vanilla Soy Milk,1
American Cheese Singles,1
Alpine Spring Water,1
Almond Milk Hazelnut Creamer,1
All Natural Virgin Lemonade,1
All Natural Organic Green Lentils,1
90% Lean Ground Beef,1
VEGET TOMATO BASIL,1
Unsweetened Original Almond Breeze Almond Milk,1
Unsweetened Almondmilk,1
Unsweet Peach Water,1
Baby Food Stage 2 Pumpkin Banana,1
Baby Carrots,1
Baby Arugula,1
Baby 1st Foods Carrots,1
BBQ Ranch Chopped Salad,1
Asparagus,1
Apples,1
Apple and Carrot Stage 2 Baby Food,1
Apple Cider Vinegar,1
Anti Viral Upright Facial Tissue,1
Whole Almonds,1
White Sandwich Bread,1
